Workbook

Sheet Stammdaten
A1: Klasse: | B1: 7p
A2: Nachname | B2: Vorname | C2: Status | D2: Austrittsdatum
A3: Bauer | B3: Anna | C3: Aktiv
A4: Fischer | B4: Lukas | C4: Aktiv
A5: Hoffmann | B5: Sophie | C5: Aktiv
A6: Klein | B6: Maximilian | C6: Aktiv
A7: Koch | B7: Emma | C7: Aktiv
A8: Lehmann | B8: Jonas | C8: Ausgeschieden | D8: 31.01.2026
A9: Meyer | B9: Lena | C9: Aktiv
A10: Müller | B10: Felix | C10: Aktiv
A11: Neumann | B11: Clara | C11: Aktiv
A12: Peters | B12: Tobias | C12: Aktiv
A13: Richter | B13: Laura | C13: Aktiv
A14: Schmidt | B14: Noah | C14: Aktiv
A15: Schneider | B15: Marie | C15: Aktiv
A16: Wagner | B16: Paul | C16: Aktiv
A17: Weber | B17: Julia | C17: Aktiv

Sheet LN_Klausur 1
A1: Schüler | B1: 1a | C1: 1b | D1: 2a | E1: 2b | F1: 2c | G1: 3 | H1: Gesamt | I1: Note (0-15) | J1: Note (1-6)
A2: Anforderungsbereich | B2: I | C2: I | D2: II | E2: II | F2: II | G2: III
A3: Max. Punkte | B3: 4 | C3: 4 | D3: 6 | E3: 4 | F3: 4 | G3: 8 | H3: =SUM(B3:G3)
A4: =Stammdaten!A3&", "&Stammdaten!B3 | B4: 4 | C4: 3 | D4: 5 | E4: 4 | F4: 3 | G4: 7 | H4: =SUM(B4:G4) | I4: =IF(H3=0,0,IF((H4/H3)>=0.95,15,IF((H4/H3)>=0.9,14,IF((H4/H3)>=0.85,13,IF((H4/H3)>=0.8,12,IF((H4/H3)>=0.75,11,IF((H4/H3)>=0.7,10,IF((H4/H3)>=0.65,9,IF((H4/H3)>=0.6,8,IF((H4/H3)>=0.55,7,IF((H4/H3)>=0.5,6,IF((H4/H3)>=0.45,5,IF((H4/H3)>=0.4,4,IF((H4/H3)>=0.33,3,IF((H4/H3)>=0.27,2,IF((H4/H3)>=0.2,1,0)))))))))))))))) | J4: =IF(I4>=13,1,IF(I4>=10,2,IF(I4>=7,3,IF(I4>=4,4,IF(I4>=1,5,6)))))
A5: =Stammdaten!A4&", "&Stammdaten!B4 | B5: 3 | C5: 4 | D5: 4 | E5: 3 | F5: 3 | G5: 5 | H5: =SUM(B5:G5) | I5: =IF(H3=0,0,IF((H5/H3)>=0.95,15,IF((H5/H3)>=0.9,14,IF((H5/H3)>=0.85,13,IF((H5/H3)>=0.8,12,IF((H5/H3)>=0.75,11,IF((H5/H3)>=0.7,10,IF((H5/H3)>=0.65,9,IF((H5/H3)>=0.6,8,IF((H5/H3)>=0.55,7,IF((H5/H3)>=0.5,6,IF((H5/H3)>=0.45,5,IF((H5/H3)>=0.4,4,IF((H5/H3)>=0.33,3,IF((H5/H3)>=0.27,2,IF((H5/H3)>=0.2,1,0)))))))))))))))) | J5: =IF(I5>=13,1,IF(I5>=10,2,IF(I5>=7,3,IF(I5>=4,4,IF(I5>=1,5,6)))))
A6: =Stammdaten!A5&", "&Stammdaten!B5 | B6: 4 | C6: 4 | D6: 6 | E6: 4 | F6: 4 | G6: 8 | H6: =SUM(B6:G6) | I6: =IF(H3=0,0,IF((H6/H3)>=0.95,15,IF((H6/H3)>=0.9,14,IF((H6/H3)>=0.85,13,IF((H6/H3)>=0.8,12,IF((H6/H3)>=0.75,11,IF((H6/H3)>=0.7,10,IF((H6/H3)>=0.65,9,IF((H6/H3)>=0.6,8,IF((H6/H3)>=0.55,7,IF((H6/H3)>=0.5,6,IF((H6/H3)>=0.45,5,IF((H6/H3)>=0.4,4,IF((H6/H3)>=0.33,3,IF((H6/H3)>=0.27,2,IF((H6/H3)>=0.2,1,0)))))))))))))))) | J6: =IF(I6>=13,1,IF(I6>=10,2,IF(I6>=7,3,IF(I6>=4,4,IF(I6>=1,5,6)))))
A7: =Stammdaten!A6&", "&Stammdaten!B6 | B7: 3 | C7: 3 | D7: 3 | E7: 3 | F7: 2 | G7: 4 | H7: =SUM(B7:G7) | I7: =IF(H3=0,0,IF((H7/H3)>=0.95,15,IF((H7/H3)>=0.9,14,IF((H7/H3)>=0.85,13,IF((H7/H3)>=0.8,12,IF((H7/H3)>=0.75,11,IF((H7/H3)>=0.7,10,IF((H7/H3)>=0.65,9,IF((H7/H3)>=0.6,8,IF((H7/H3)>=0.55,7,IF((H7/H3)>=0.5,6,IF((H7/H3)>=0.45,5,IF((H7/H3)>=0.4,4,IF((H7/H3)>=0.33,3,IF((H7/H3)>=0.27,2,IF((H7/H3)>=0.2,1,0)))))))))))))))) | J7: =IF(I7>=13,1,IF(I7>=10,2,IF(I7>=7,3,IF(I7>=4,4,IF(I7>=1,5,6)))))
A8: =Stammdaten!A7&", "&Stammdaten!B7 | B8: 4 | C8: 4 | D8: 5 | E8: 4 | F8: 4 | G8: 7 | H8: =SUM(B8:G8) | I8: =IF(H3=0,0,IF((H8/H3)>=0.95,15,IF((H8/H3)>=0.9,14,IF((H8/H3)>=0.85,13,IF((H8/H3)>=0.8,12,IF((H8/H3)>=0.75,11,IF((H8/H3)>=0.7,10,IF((H8/H3)>=0.65,9,IF((H8/H3)>=0.6,8,IF((H8/H3)>=0.55,7,IF((H8/H3)>=0.5,6,IF((H8/H3)>=0.45,5,IF((H8/H3)>=0.4,4,IF((H8/H3)>=0.33,3,IF((H8/H3)>=0.27,2,IF((H8/H3)>=0.2,1,0)))))))))))))))) | J8: =IF(I8>=13,1,IF(I8>=10,2,IF(I8>=7,3,IF(I8>=4,4,IF(I8>=1,5,6)))))
A9: =Stammdaten!A8&", "&Stammdaten!B8 | B9: 3 | C9: 2 | D9: 3 | E9: 2 | F9: 2 | G9: 4 | H9: =SUM(B9:G9) | I9: =IF(H3=0,0,IF((H9/H3)>=0.95,15,IF((H9/H3)>=0.9,14,IF((H9/H3)>=0.85,13,IF((H9/H3)>=0.8,12,IF((H9/H3)>=0.75,11,IF((H9/H3)>=0.7,10,IF((H9/H3)>=0.65,9,IF((H9/H3)>=0.6,8,IF((H9/H3)>=0.55,7,IF((H9/H3)>=0.5,6,IF((H9/H3)>=0.45,5,IF((H9/H3)>=0.4,4,IF((H9/H3)>=0.33,3,IF((H9/H3)>=0.27,2,IF((H9/H3)>=0.2,1,0)))))))))))))))) | J9: =IF(I9>=13,1,IF(I9>=10,2,IF(I9>=7,3,IF(I9>=4,4,IF(I9>=1,5,6)))))
A10: =Stammdaten!A9&", "&Stammdaten!B9 | B10: 4 | C10: 3 | D10: 4 | E10: 3 | F10: 4 | G10: 6 | H10: =SUM(B10:G10) | I10: =IF(H3=0,0,IF((H10/H3)>=0.95,15,IF((H10/H3)>=0.9,14,IF((H10/H3)>=0.85,13,IF((H10/H3)>=0.8,12,IF((H10/H3)>=0.75,11,IF((H10/H3)>=0.7,10,IF((H10/H3)>=0.65,9,IF((H10/H3)>=0.6,8,IF((H10/H3)>=0.55,7,IF((H10/H3)>=0.5,6,IF((H10/H3)>=0.45,5,IF((H10/H3)>=0.4,4,IF((H10/H3)>=0.33,3,IF((H10/H3)>=0.27,2,IF((H10/H3)>=0.2,1,0)))))))))))))))) | J10: =IF(I10>=13,1,IF(I10>=10,2,IF(I10>=7,3,IF(I10>=4,4,IF(I10>=1,5,6)))))
A11: =Stammdaten!A10&", "&Stammdaten!B10 | B11: 2 | C11: 3 | D11: 3 | E11: 2 | F11: 2 | G11: 3 | H11: =SUM(B11:G11) | I11: =IF(H3=0,0,IF((H11/H3)>=0.95,15,IF((H11/H3)>=0.9,14,IF((H11/H3)>=0.85,13,IF((H11/H3)>=0.8,12,IF((H11/H3)>=0.75,11,IF((H11/H3)>=0.7,10,IF((H11/H3)>=0.65,9,IF((H11/H3)>=0.6,8,IF((H11/H3)>=0.55,7,IF((H11/H3)>=0.5,6,IF((H11/H3)>=0.45,5,IF((H11/H3)>=0.4,4,IF((H11/H3)>=0.33,3,IF((H11/H3)>=0.27,2,IF((H11/H3)>=0.2,1,0)))))))))))))))) | J11: =IF(I11>=13,1,IF(I11>=10,2,IF(I11>=7,3,IF(I11>=4,4,IF(I11>=1,5,6)))))
A12: =Stammdaten!A11&", "&Stammdaten!B11 | B12: 4 | C12: 4 | D12: 5 | E12: 3 | F12: 3 | G12: 7 | H12: =SUM(B12:G12) | I12: =IF(H3=0,0,IF((H12/H3)>=0.95,15,IF((H12/H3)>=0.9,14,IF((H12/H3)>=0.85,13,IF((H12/H3)>=0.8,12,IF((H12/H3)>=0.75,11,IF((H12/H3)>=0.7,10,IF((H12/H3)>=0.65,9,IF((H12/H3)>=0.6,8,IF((H12/H3)>=0.55,7,IF((H12/H3)>=0.5,6,IF((H12/H3)>=0.45,5,IF((H12/H3)>=0.4,4,IF((H12/H3)>=0.33,3,IF((H12/H3)>=0.27,2,IF((H12/H3)>=0.2,1,0)))))))))))))))) | J12: =IF(I12>=13,1,IF(I12>=10,2,IF(I12>=7,3,IF(I12>=4,4,IF(I12>=1,5,6)))))
A13: =Stammdaten!A12&", "&Stammdaten!B12 | B13: 3 | C13: 3 | D13: 4 | E13: 3 | F13: 3 | G13: 5 | H13: =SUM(B13:G13) | I13: =IF(H3=0,0,IF((H13/H3)>=0.95,15,IF((H13/H3)>=0.9,14,IF((H13/H3)>=0.85,13,IF((H13/H3)>=0.8,12,IF((H13/H3)>=0.75,11,IF((H13/H3)>=0.7,10,IF((H13/H3)>=0.65,9,IF((H13/H3)>=0.6,8,IF((H13/H3)>=0.55,7,IF((H13/H3)>=0.5,6,IF((H13/H3)>=0.45,5,IF((H13/H3)>=0.4,4,IF((H13/H3)>=0.33,3,IF((H13/H3)>=0.27,2,IF((H13/H3)>=0.2,1,0)))))))))))))))) | J13: =IF(I13>=13,1,IF(I13>=10,2,IF(I13>=7,3,IF(I13>=4,4,IF(I13>=1,5,6)))))
A14: =Stammdaten!A13&", "&Stammdaten!B13 | B14: 4 | C14: 4 | D14: 6 | E14: 4 | F14: 3 | G14: 7 | H14: =SUM(B14:G14) | I14: =IF(H3=0,0,IF((H14/H3)>=0.95,15,IF((H14/H3)>=0.9,14,IF((H14/H3)>=0.85,13,IF((H14/H3)>=0.8,12,IF((H14/H3)>=0.75,11,IF((H14/H3)>=0.7,10,IF((H14/H3)>=0.65,9,IF((H14/H3)>=0.6,8,IF((H14/H3)>=0.55,7,IF((H14/H3)>=0.5,6,IF((H14/H3)>=0.45,5,IF((H14/H3)>=0.4,4,IF((H14/H3)>=0.33,3,IF((H14/H3)>=0.27,2,IF((H14/H3)>=0.2,1,0)))))))))))))))) | J14: =IF(I14>=13,1,IF(I14>=10,2,IF(I14>=7,3,IF(I14>=4,4,IF(I14>=1,5,6)))))
A15: =Stammdaten!A14&", "&Stammdaten!B14 | B15: 2 | C15: 2 | D15: 2 | E15: 2 | F15: 1 | G15: 3 | H15: =SUM(B15:G15) | I15: =IF(H3=0,0,IF((H15/H3)>=0.95,15,IF((H15/H3)>=0.9,14,IF((H15/H3)>=0.85,13,IF((H15/H3)>=0.8,12,IF((H15/H3)>=0.75,11,IF((H15/H3)>=0.7,10,IF((H15/H3)>=0.65,9,IF((H15/H3)>=0.6,8,IF((H15/H3)>=0.55,7,IF((H15/H3)>=0.5,6,IF((H15/H3)>=0.45,5,IF((H15/H3)>=0.4,4,IF((H15/H3)>=0.33,3,IF((H15/H3)>=0.27,2,IF((H15/H3)>=0.2,1,0)))))))))))))))) | J15: =IF(I15>=13,1,IF(I15>=10,2,IF(I15>=7,3,IF(I15>=4,4,IF(I15>=1,5,6)))))
A16: =Stammdaten!A15&", "&Stammdaten!B15 | B16: 3 | C16: 4 | D16: 4 | E16: 4 | F16: 3 | G16: 6 | H16: =SUM(B16:G16) | I16: =IF(H3=0,0,IF((H16/H3)>=0.95,15,IF((H16/H3)>=0.9,14,IF((H16/H3)>=0.85,13,IF((H16/H3)>=0.8,12,IF((H16/H3)>=0.75,11,IF((H16/H3)>=0.7,10,IF((H16/H3)>=0.65,9,IF((H16/H3)>=0.6,8,IF((H16/H3)>=0.55,7,IF((H16/H3)>=0.5,6,IF((H16/H3)>=0.45,5,IF((H16/H3)>=0.4,4,IF((H16/H3)>=0.33,3,IF((H16/H3)>=0.27,2,IF((H16/H3)>=0.2,1,0)))))))))))))))) | J16: =IF(I16>=13,1,IF(I16>=10,2,IF(I16>=7,3,IF(I16>=4,4,IF(I16>=1,5,6)))))
A17: =Stammdaten!A16&", "&Stammdaten!B16 | B17: 1 | C17: 2 | D17: 2 | E17: 1 | F17: 1 | G17: 2 | H17: =SUM(B17:G17) | I17: =IF(H3=0,0,IF((H17/H3)>=0.95,15,IF((H17/H3)>=0.9,14,IF((H17/H3)>=0.85,13,IF((H17/H3)>=0.8,12,IF((H17/H3)>=0.75,11,IF((H17/H3)>=0.7,10,IF((H17/H3)>=0.65,9,IF((H17/H3)>=0.6,8,IF((H17/H3)>=0.55,7,IF((H17/H3)>=0.5,6,IF((H17/H3)>=0.45,5,IF((H17/H3)>=0.4,4,IF((H17/H3)>=0.33,3,IF((H17/H3)>=0.27,2,IF((H17/H3)>=0.2,1,0)))))))))))))))) | J17: =IF(I17>=13,1,IF(I17>=10,2,IF(I17>=7,3,IF(I17>=4,4,IF(I17>=1,5,6)))))
A18: =Stammdaten!A17&", "&Stammdaten!B17 | B18: 3 | C18: 3 | D18: 5 | E18: 3 | F18: 3 | G18: 6 | H18: =SUM(B18:G18) | I18: =IF(H3=0,0,IF((H18/H3)>=0.95,15,IF((H18/H3)>=0.9,14,IF((H18/H3)>=0.85,13,IF((H18/H3)>=0.8,12,IF((H18/H3)>=0.75,11,IF((H18/H3)>=0.7,10,IF((H18/H3)>=0.65,9,IF((H18/H3)>=0.6,8,IF((H18/H3)>=0.55,7,IF((H18/H3)>=0.5,6,IF((H18/H3)>=0.45,5,IF((H18/H3)>=0.4,4,IF((H18/H3)>=0.33,3,IF((H18/H3)>=0.27,2,IF((H18/H3)>=0.2,1,0)))))))))))))))) | J18: =IF(I18>=13,1,IF(I18>=10,2,IF(I18>=7,3,IF(I18>=4,4,IF(I18>=1,5,6)))))

Sheet LN_Kurztest 1
A1: Schüler | B1: 1 | C1: 2 | D1: 3 | E1: Gesamt | F1: Note (0-15) | G1: Note (1-6)
A2: Anforderungsbereich | B2: I | C2: II | D2: III
A3: Max. Punkte | B3: 6 | C3: 8 | D3: 6 | E3: =SUM(B3:D3)
A4: =Stammdaten!A3&", "&Stammdaten!B3 | B4: 6 | C4: 7 | D4: 5 | E4: =SUM(B4:D4) | F4: =IF(E3=0,0,IF((E4/E3)>=0.95,15,IF((E4/E3)>=0.9,14,IF((E4/E3)>=0.85,13,IF((E4/E3)>=0.8,12,IF((E4/E3)>=0.75,11,IF((E4/E3)>=0.7,10,IF((E4/E3)>=0.65,9,IF((E4/E3)>=0.6,8,IF((E4/E3)>=0.55,7,IF((E4/E3)>=0.5,6,IF((E4/E3)>=0.45,5,IF((E4/E3)>=0.4,4,IF((E4/E3)>=0.33,3,IF((E4/E3)>=0.27,2,IF((E4/E3)>=0.2,1,0)))))))))))))))) | G4: =IF(F4>=13,1,IF(F4>=10,2,IF(F4>=7,3,IF(F4>=4,4,IF(F4>=1,5,6)))))
A5: =Stammdaten!A4&", "&Stammdaten!B4 | B5: 5 | C5: 5 | D5: 3 | E5: =SUM(B5:D5) | F5: =IF(E3=0,0,IF((E5/E3)>=0.95,15,IF((E5/E3)>=0.9,14,IF((E5/E3)>=0.85,13,IF((E5/E3)>=0.8,12,IF((E5/E3)>=0.75,11,IF((E5/E3)>=0.7,10,IF((E5/E3)>=0.65,9,IF((E5/E3)>=0.6,8,IF((E5/E3)>=0.55,7,IF((E5/E3)>=0.5,6,IF((E5/E3)>=0.45,5,IF((E5/E3)>=0.4,4,IF((E5/E3)>=0.33,3,IF((E5/E3)>=0.27,2,IF((E5/E3)>=0.2,1,0)))))))))))))))) | G5: =IF(F5>=13,1,IF(F5>=10,2,IF(F5>=7,3,IF(F5>=4,4,IF(F5>=1,5,6)))))
A6: =Stammdaten!A5&", "&Stammdaten!B5 | B6: 6 | C6: 8 | D6: 6 | E6: =SUM(B6:D6) | F6: =IF(E3=0,0,IF((E6/E3)>=0.95,15,IF((E6/E3)>=0.9,14,IF((E6/E3)>=0.85,13,IF((E6/E3)>=0.8,12,IF((E6/E3)>=0.75,11,IF((E6/E3)>=0.7,10,IF((E6/E3)>=0.65,9,IF((E6/E3)>=0.6,8,IF((E6/E3)>=0.55,7,IF((E6/E3)>=0.5,6,IF((E6/E3)>=0.45,5,IF((E6/E3)>=0.4,4,IF((E6/E3)>=0.33,3,IF((E6/E3)>=0.27,2,IF((E6/E3)>=0.2,1,0)))))))))))))))) | G6: =IF(F6>=13,1,IF(F6>=10,2,IF(F6>=7,3,IF(F6>=4,4,IF(F6>=1,5,6)))))
A7: =Stammdaten!A6&", "&Stammdaten!B6 | B7: 4 | C7: 4 | D7: 2 | E7: =SUM(B7:D7) | F7: =IF(E3=0,0,IF((E7/E3)>=0.95,15,IF((E7/E3)>=0.9,14,IF((E7/E3)>=0.85,13,IF((E7/E3)>=0.8,12,IF((E7/E3)>=0.75,11,IF((E7/E3)>=0.7,10,IF((E7/E3)>=0.65,9,IF((E7/E3)>=0.6,8,IF((E7/E3)>=0.55,7,IF((E7/E3)>=0.5,6,IF((E7/E3)>=0.45,5,IF((E7/E3)>=0.4,4,IF((E7/E3)>=0.33,3,IF((E7/E3)>=0.27,2,IF((E7/E3)>=0.2,1,0)))))))))))))))) | G7: =IF(F7>=13,1,IF(F7>=10,2,IF(F7>=7,3,IF(F7>=4,4,IF(F7>=1,5,6)))))
A8: =Stammdaten!A7&", "&Stammdaten!B7 | B8: 5 | C8: 7 | D8: 5 | E8: =SUM(B8:D8) | F8: =IF(E3=0,0,IF((E8/E3)>=0.95,15,IF((E8/E3)>=0.9,14,IF((E8/E3)>=0.85,13,IF((E8/E3)>=0.8,12,IF((E8/E3)>=0.75,11,IF((E8/E3)>=0.7,10,IF((E8/E3)>=0.65,9,IF((E8/E3)>=0.6,8,IF((E8/E3)>=0.55,7,IF((E8/E3)>=0.5,6,IF((E8/E3)>=0.45,5,IF((E8/E3)>=0.4,4,IF((E8/E3)>=0.33,3,IF((E8/E3)>=0.27,2,IF((E8/E3)>=0.2,1,0)))))))))))))))) | G8: =IF(F8>=13,1,IF(F8>=10,2,IF(F8>=7,3,IF(F8>=4,4,IF(F8>=1,5,6)))))
A9: =Stammdaten!A8&", "&Stammdaten!B8 | B9: 4 | C9: 4 | D9: 3 | E9: =SUM(B9:D9) | F9: =IF(E3=0,0,IF((E9/E3)>=0.95,15,IF((E9/E3)>=0.9,14,IF((E9/E3)>=0.85,13,IF((E9/E3)>=0.8,12,IF((E9/E3)>=0.75,11,IF((E9/E3)>=0.7,10,IF((E9/E3)>=0.65,9,IF((E9/E3)>=0.6,8,IF((E9/E3)>=0.55,7,IF((E9/E3)>=0.5,6,IF((E9/E3)>=0.45,5,IF((E9/E3)>=0.4,4,IF((E9/E3)>=0.33,3,IF((E9/E3)>=0.27,2,IF((E9/E3)>=0.2,1,0)))))))))))))))) | G9: =IF(F9>=13,1,IF(F9>=10,2,IF(F9>=7,3,IF(F9>=4,4,IF(F9>=1,5,6)))))
A10: =Stammdaten!A9&", "&Stammdaten!B9 | B10: 5 | C10: 6 | D10: 4 | E10: =SUM(B10:D10) | F10: =IF(E3=0,0,IF((E10/E3)>=0.95,15,IF((E10/E3)>=0.9,14,IF((E10/E3)>=0.85,13,IF((E10/E3)>=0.8,12,IF((E10/E3)>=0.75,11,IF((E10/E3)>=0.7,10,IF((E10/E3)>=0.65,9,IF((E10/E3)>=0.6,8,IF((E10/E3)>=0.55,7,IF((E10/E3)>=0.5,6,IF((E10/E3)>=0.45,5,IF((E10/E3)>=0.4,4,IF((E10/E3)>=0.33,3,IF((E10/E3)>=0.27,2,IF((E10/E3)>=0.2,1,0)))))))))))))))) | G10: =IF(F10>=13,1,IF(F10>=10,2,IF(F10>=7,3,IF(F10>=4,4,IF(F10>=1,5,6)))))
A11: =Stammdaten!A10&", "&Stammdaten!B10 | B11: 3 | C11: 4 | D11: 2 | E11: =SUM(B11:D11) | F11: =IF(E3=0,0,IF((E11/E3)>=0.95,15,IF((E11/E3)>=0.9,14,IF((E11/E3)>=0.85,13,IF((E11/E3)>=0.8,12,IF((E11/E3)>=0.75,11,IF((E11/E3)>=0.7,10,IF((E11/E3)>=0.65,9,IF((E11/E3)>=0.6,8,IF((E11/E3)>=0.55,7,IF((E11/E3)>=0.5,6,IF((E11/E3)>=0.45,5,IF((E11/E3)>=0.4,4,IF((E11/E3)>=0.33,3,IF((E11/E3)>=0.27,2,IF((E11/E3)>=0.2,1,0)))))))))))))))) | G11: =IF(F11>=13,1,IF(F11>=10,2,IF(F11>=7,3,IF(F11>=4,4,IF(F11>=1,5,6)))))
A12: =Stammdaten!A11&", "&Stammdaten!B11 | B12: 6 | C12: 7 | D12: 5 | E12: =SUM(B12:D12) | F12: =IF(E3=0,0,IF((E12/E3)>=0.95,15,IF((E12/E3)>=0.9,14,IF((E12/E3)>=0.85,13,IF((E12/E3)>=0.8,12,IF((E12/E3)>=0.75,11,IF((E12/E3)>=0.7,10,IF((E12/E3)>=0.65,9,IF((E12/E3)>=0.6,8,IF((E12/E3)>=0.55,7,IF((E12/E3)>=0.5,6,IF((E12/E3)>=0.45,5,IF((E12/E3)>=0.4,4,IF((E12/E3)>=0.33,3,IF((E12/E3)>=0.27,2,IF((E12/E3)>=0.2,1,0)))))))))))))))) | G12: =IF(F12>=13,1,IF(F12>=10,2,IF(F12>=7,3,IF(F12>=4,4,IF(F12>=1,5,6)))))
A13: =Stammdaten!A12&", "&Stammdaten!B12 | B13: 5 | C13: 5 | D13: 4 | E13: =SUM(B13:D13) | F13: =IF(E3=0,0,IF((E13/E3)>=0.95,15,IF((E13/E3)>=0.9,14,IF((E13/E3)>=0.85,13,IF((E13/E3)>=0.8,12,IF((E13/E3)>=0.75,11,IF((E13/E3)>=0.7,10,IF((E13/E3)>=0.65,9,IF((E13/E3)>=0.6,8,IF((E13/E3)>=0.55,7,IF((E13/E3)>=0.5,6,IF((E13/E3)>=0.45,5,IF((E13/E3)>=0.4,4,IF((E13/E3)>=0.33,3,IF((E13/E3)>=0.27,2,IF((E13/E3)>=0.2,1,0)))))))))))))))) | G13: =IF(F13>=13,1,IF(F13>=10,2,IF(F13>=7,3,IF(F13>=4,4,IF(F13>=1,5,6)))))
A14: =Stammdaten!A13&", "&Stammdaten!B13 | B14: 6 | C14: 7 | D14: 5 | E14: =SUM(B14:D14) | F14: =IF(E3=0,0,IF((E14/E3)>=0.95,15,IF((E14/E3)>=0.9,14,IF((E14/E3)>=0.85,13,IF((E14/E3)>=0.8,12,IF((E14/E3)>=0.75,11,IF((E14/E3)>=0.7,10,IF((E14/E3)>=0.65,9,IF((E14/E3)>=0.6,8,IF((E14/E3)>=0.55,7,IF((E14/E3)>=0.5,6,IF((E14/E3)>=0.45,5,IF((E14/E3)>=0.4,4,IF((E14/E3)>=0.33,3,IF((E14/E3)>=0.27,2,IF((E14/E3)>=0.2,1,0)))))))))))))))) | G14: =IF(F14>=13,1,IF(F14>=10,2,IF(F14>=7,3,IF(F14>=4,4,IF(F14>=1,5,6)))))
A15: =Stammdaten!A14&", "&Stammdaten!B14 | B15: 3 | C15: 3 | D15: 2 | E15: =SUM(B15:D15) | F15: =IF(E3=0,0,IF((E15/E3)>=0.95,15,IF((E15/E3)>=0.9,14,IF((E15/E3)>=0.85,13,IF((E15/E3)>=0.8,12,IF((E15/E3)>=0.75,11,IF((E15/E3)>=0.7,10,IF((E15/E3)>=0.65,9,IF((E15/E3)>=0.6,8,IF((E15/E3)>=0.55,7,IF((E15/E3)>=0.5,6,IF((E15/E3)>=0.45,5,IF((E15/E3)>=0.4,4,IF((E15/E3)>=0.33,3,IF((E15/E3)>=0.27,2,IF((E15/E3)>=0.2,1,0)))))))))))))))) | G15: =IF(F15>=13,1,IF(F15>=10,2,IF(F15>=7,3,IF(F15>=4,4,IF(F15>=1,5,6)))))
A16: =Stammdaten!A15&", "&Stammdaten!B15 | B16: 5 | C16: 6 | D16: 4 | E16: =SUM(B16:D16) | F16: =IF(E3=0,0,IF((E16/E3)>=0.95,15,IF((E16/E3)>=0.9,14,IF((E16/E3)>=0.85,13,IF((E16/E3)>=0.8,12,IF((E16/E3)>=0.75,11,IF((E16/E3)>=0.7,10,IF((E16/E3)>=0.65,9,IF((E16/E3)>=0.6,8,IF((E16/E3)>=0.55,7,IF((E16/E3)>=0.5,6,IF((E16/E3)>=0.45,5,IF((E16/E3)>=0.4,4,IF((E16/E3)>=0.33,3,IF((E16/E3)>=0.27,2,IF((E16/E3)>=0.2,1,0)))))))))))))))) | G16: =IF(F16>=13,1,IF(F16>=10,2,IF(F16>=7,3,IF(F16>=4,4,IF(F16>=1,5,6)))))
A17: =Stammdaten!A16&", "&Stammdaten!B16 | B17: 2 | C17: 2 | D17: 1 | E17: =SUM(B17:D17) | F17: =IF(E3=0,0,IF((E17/E3)>=0.95,15,IF((E17/E3)>=0.9,14,IF((E17/E3)>=0.85,13,IF((E17/E3)>=0.8,12,IF((E17/E3)>=0.75,11,IF((E17/E3)>=0.7,10,IF((E17/E3)>=0.65,9,IF((E17/E3)>=0.6,8,IF((E17/E3)>=0.55,7,IF((E17/E3)>=0.5,6,IF((E17/E3)>=0.45,5,IF((E17/E3)>=0.4,4,IF((E17/E3)>=0.33,3,IF((E17/E3)>=0.27,2,IF((E17/E3)>=0.2,1,0)))))))))))))))) | G17: =IF(F17>=13,1,IF(F17>=10,2,IF(F17>=7,3,IF(F17>=4,4,IF(F17>=1,5,6)))))
A18: =Stammdaten!A17&", "&Stammdaten!B17 | B18: 5 | C18: 6 | D18: 4 | E18: =SUM(B18:D18) | F18: =IF(E3=0,0,IF((E18/E3)>=0.95,15,IF((E18/E3)>=0.9,14,IF((E18/E3)>=0.85,13,IF((E18/E3)>=0.8,12,IF((E18/E3)>=0.75,11,IF((E18/E3)>=0.7,10,IF((E18/E3)>=0.65,9,IF((E18/E3)>=0.6,8,IF((E18/E3)>=0.55,7,IF((E18/E3)>=0.5,6,IF((E18/E3)>=0.45,5,IF((E18/E3)>=0.4,4,IF((E18/E3)>=0.33,3,IF((E18/E3)>=0.27,2,IF((E18/E3)>=0.2,1,0)))))))))))))))) | G18: =IF(F18>=13,1,IF(F18>=10,2,IF(F18>=7,3,IF(F18>=4,4,IF(F18>=1,5,6)))))

Sheet LN_Klausur 2
A1: Schüler | B1: 1a | C1: 1b | D1: 2 | E1: 3a | F1: 3b | G1: Gesamt | H1: Note (0-15) | I1: Note (1-6)
A2: Anforderungsbereich | B2: I | C2: I | D2: II | E2: II | F2: III
A3: Max. Punkte | B3: 4 | C3: 4 | D3: 10 | E3: 4 | F3: 8 | G3: =SUM(B3:F3)
A4: =Stammdaten!A3&", "&Stammdaten!B3 | B4: 4 | C4: 4 | D4: 9 | E4: 4 | F4: 7 | G4: =SUM(B4:F4) | H4: =IF(G3=0,0,IF((G4/G3)>=0.95,15,IF((G4/G3)>=0.9,14,IF((G4/G3)>=0.85,13,IF((G4/G3)>=0.8,12,IF((G4/G3)>=0.75,11,IF((G4/G3)>=0.7,10,IF((G4/G3)>=0.65,9,IF((G4/G3)>=0.6,8,IF((G4/G3)>=0.55,7,IF((G4/G3)>=0.5,6,IF((G4/G3)>=0.45,5,IF((G4/G3)>=0.4,4,IF((G4/G3)>=0.33,3,IF((G4/G3)>=0.27,2,IF((G4/G3)>=0.2,1,0)))))))))))))))) | I4: =IF(H4>=13,1,IF(H4>=10,2,IF(H4>=7,3,IF(H4>=4,4,IF(H4>=1,5,6)))))
A5: =Stammdaten!A4&", "&Stammdaten!B4 | B5: 3 | C5: 3 | D5: 6 | E5: 3 | F5: 4 | G5: =SUM(B5:F5) | H5: =IF(G3=0,0,IF((G5/G3)>=0.95,15,IF((G5/G3)>=0.9,14,IF((G5/G3)>=0.85,13,IF((G5/G3)>=0.8,12,IF((G5/G3)>=0.75,11,IF((G5/G3)>=0.7,10,IF((G5/G3)>=0.65,9,IF((G5/G3)>=0.6,8,IF((G5/G3)>=0.55,7,IF((G5/G3)>=0.5,6,IF((G5/G3)>=0.45,5,IF((G5/G3)>=0.4,4,IF((G5/G3)>=0.33,3,IF((G5/G3)>=0.27,2,IF((G5/G3)>=0.2,1,0)))))))))))))))) | I5: =IF(H5>=13,1,IF(H5>=10,2,IF(H5>=7,3,IF(H5>=4,4,IF(H5>=1,5,6)))))
A6: =Stammdaten!A5&", "&Stammdaten!B5 | B6: 4 | C6: 4 | D6: 10 | E6: 4 | F6: 8 | G6: =SUM(B6:F6) | H6: =IF(G3=0,0,IF((G6/G3)>=0.95,15,IF((G6/G3)>=0.9,14,IF((G6/G3)>=0.85,13,IF((G6/G3)>=0.8,12,IF((G6/G3)>=0.75,11,IF((G6/G3)>=0.7,10,IF((G6/G3)>=0.65,9,IF((G6/G3)>=0.6,8,IF((G6/G3)>=0.55,7,IF((G6/G3)>=0.5,6,IF((G6/G3)>=0.45,5,IF((G6/G3)>=0.4,4,IF((G6/G3)>=0.33,3,IF((G6/G3)>=0.27,2,IF((G6/G3)>=0.2,1,0)))))))))))))))) | I6: =IF(H6>=13,1,IF(H6>=10,2,IF(H6>=7,3,IF(H6>=4,4,IF(H6>=1,5,6)))))
A7: =Stammdaten!A6&", "&Stammdaten!B6 | B7: 3 | C7: 2 | D7: 4 | E7: 2 | F7: 3 | G7: =SUM(B7:F7) | H7: =IF(G3=0,0,IF((G7/G3)>=0.95,15,IF((G7/G3)>=0.9,14,IF((G7/G3)>=0.85,13,IF((G7/G3)>=0.8,12,IF((G7/G3)>=0.75,11,IF((G7/G3)>=0.7,10,IF((G7/G3)>=0.65,9,IF((G7/G3)>=0.6,8,IF((G7/G3)>=0.55,7,IF((G7/G3)>=0.5,6,IF((G7/G3)>=0.45,5,IF((G7/G3)>=0.4,4,IF((G7/G3)>=0.33,3,IF((G7/G3)>=0.27,2,IF((G7/G3)>=0.2,1,0)))))))))))))))) | I7: =IF(H7>=13,1,IF(H7>=10,2,IF(H7>=7,3,IF(H7>=4,4,IF(H7>=1,5,6)))))
A8: =Stammdaten!A7&", "&Stammdaten!B7 | B8: 4 | C8: 4 | D8: 8 | E8: 4 | F8: 7 | G8: =SUM(B8:F8) | H8: =IF(G3=0,0,IF((G8/G3)>=0.95,15,IF((G8/G3)>=0.9,14,IF((G8/G3)>=0.85,13,IF((G8/G3)>=0.8,12,IF((G8/G3)>=0.75,11,IF((G8/G3)>=0.7,10,IF((G8/G3)>=0.65,9,IF((G8/G3)>=0.6,8,IF((G8/G3)>=0.55,7,IF((G8/G3)>=0.5,6,IF((G8/G3)>=0.45,5,IF((G8/G3)>=0.4,4,IF((G8/G3)>=0.33,3,IF((G8/G3)>=0.27,2,IF((G8/G3)>=0.2,1,0)))))))))))))))) | I8: =IF(H8>=13,1,IF(H8>=10,2,IF(H8>=7,3,IF(H8>=4,4,IF(H8>=1,5,6)))))
A9: =Stammdaten!A9&", "&Stammdaten!B9 | B9: 4 | C9: 3 | D9: 7 | E9: 3 | F9: 6 | G9: =SUM(B9:F9) | H9: =IF(G3=0,0,IF((G9/G3)>=0.95,15,IF((G9/G3)>=0.9,14,IF((G9/G3)>=0.85,13,IF((G9/G3)>=0.8,12,IF((G9/G3)>=0.75,11,IF((G9/G3)>=0.7,10,IF((G9/G3)>=0.65,9,IF((G9/G3)>=0.6,8,IF((G9/G3)>=0.55,7,IF((G9/G3)>=0.5,6,IF((G9/G3)>=0.45,5,IF((G9/G3)>=0.4,4,IF((G9/G3)>=0.33,3,IF((G9/G3)>=0.27,2,IF((G9/G3)>=0.2,1,0)))))))))))))))) | I9: =IF(H9>=13,1,IF(H9>=10,2,IF(H9>=7,3,IF(H9>=4,4,IF(H9>=1,5,6)))))
A10: =Stammdaten!A10&", "&Stammdaten!B10 | B10: 2 | C10: 2 | D10: 4 | E10: 2 | F10: 3 | G10: =SUM(B10:F10) | H10: =IF(G3=0,0,IF((G10/G3)>=0.95,15,IF((G10/G3)>=0.9,14,IF((G10/G3)>=0.85,13,IF((G10/G3)>=0.8,12,IF((G10/G3)>=0.75,11,IF((G10/G3)>=0.7,10,IF((G10/G3)>=0.65,9,IF((G10/G3)>=0.6,8,IF((G10/G3)>=0.55,7,IF((G10/G3)>=0.5,6,IF((G10/G3)>=0.45,5,IF((G10/G3)>=0.4,4,IF((G10/G3)>=0.33,3,IF((G10/G3)>=0.27,2,IF((G10/G3)>=0.2,1,0)))))))))))))))) | I10: =IF(H10>=13,1,IF(H10>=10,2,IF(H10>=7,3,IF(H10>=4,4,IF(H10>=1,5,6)))))
A11: =Stammdaten!A11&", "&Stammdaten!B11 | B11: 4 | C11: 4 | D11: 9 | E11: 4 | F11: 6 | G11: =SUM(B11:F11) | H11: =IF(G3=0,0,IF((G11/G3)>=0.95,15,IF((G11/G3)>=0.9,14,IF((G11/G3)>=0.85,13,IF((G11/G3)>=0.8,12,IF((G11/G3)>=0.75,11,IF((G11/G3)>=0.7,10,IF((G11/G3)>=0.65,9,IF((G11/G3)>=0.6,8,IF((G11/G3)>=0.55,7,IF((G11/G3)>=0.5,6,IF((G11/G3)>=0.45,5,IF((G11/G3)>=0.4,4,IF((G11/G3)>=0.33,3,IF((G11/G3)>=0.27,2,IF((G11/G3)>=0.2,1,0)))))))))))))))) | I11: =IF(H11>=13,1,IF(H11>=10,2,IF(H11>=7,3,IF(H11>=4,4,IF(H11>=1,5,6)))))
A12: =Stammdaten!A12&", "&Stammdaten!B12 | B12: 3 | C12: 3 | D12: 6 | E12: 3 | F12: 5 | G12: =SUM(B12:F12) | H12: =IF(G3=0,0,IF((G12/G3)>=0.95,15,IF((G12/G3)>=0.9,14,IF((G12/G3)>=0.85,13,IF((G12/G3)>=0.8,12,IF((G12/G3)>=0.75,11,IF((G12/G3)>=0.7,10,IF((G12/G3)>=0.65,9,IF((G12/G3)>=0.6,8,IF((G12/G3)>=0.55,7,IF((G12/G3)>=0.5,6,IF((G12/G3)>=0.45,5,IF((G12/G3)>=0.4,4,IF((G12/G3)>=0.33,3,IF((G12/G3)>=0.27,2,IF((G12/G3)>=0.2,1,0)))))))))))))))) | I12: =IF(H12>=13,1,IF(H12>=10,2,IF(H12>=7,3,IF(H12>=4,4,IF(H12>=1,5,6)))))
A13: =Stammdaten!A13&", "&Stammdaten!B13 | B13: 4 | C13: 4 | D13: 9 | E13: 4 | F13: 7 | G13: =SUM(B13:F13) | H13: =IF(G3=0,0,IF((G13/G3)>=0.95,15,IF((G13/G3)>=0.9,14,IF((G13/G3)>=0.85,13,IF((G13/G3)>=0.8,12,IF((G13/G3)>=0.75,11,IF((G13/G3)>=0.7,10,IF((G13/G3)>=0.65,9,IF((G13/G3)>=0.6,8,IF((G13/G3)>=0.55,7,IF((G13/G3)>=0.5,6,IF((G13/G3)>=0.45,5,IF((G13/G3)>=0.4,4,IF((G13/G3)>=0.33,3,IF((G13/G3)>=0.27,2,IF((G13/G3)>=0.2,1,0)))))))))))))))) | I13: =IF(H13>=13,1,IF(H13>=10,2,IF(H13>=7,3,IF(H13>=4,4,IF(H13>=1,5,6)))))
A14: =Stammdaten!A14&", "&Stammdaten!B14 | B14: 2 | C14: 1 | D14: 3 | E14: 1 | F14: 2 | G14: =SUM(B14:F14) | H14: =IF(G3=0,0,IF((G14/G3)>=0.95,15,IF((G14/G3)>=0.9,14,IF((G14/G3)>=0.85,13,IF((G14/G3)>=0.8,12,IF((G14/G3)>=0.75,11,IF((G14/G3)>=0.7,10,IF((G14/G3)>=0.65,9,IF((G14/G3)>=0.6,8,IF((G14/G3)>=0.55,7,IF((G14/G3)>=0.5,6,IF((G14/G3)>=0.45,5,IF((G14/G3)>=0.4,4,IF((G14/G3)>=0.33,3,IF((G14/G3)>=0.27,2,IF((G14/G3)>=0.2,1,0)))))))))))))))) | I14: =IF(H14>=13,1,IF(H14>=10,2,IF(H14>=7,3,IF(H14>=4,4,IF(H14>=1,5,6)))))
A15: =Stammdaten!A15&", "&Stammdaten!B15 | B15: 3 | C15: 4 | D15: 7 | E15: 3 | F15: 6 | G15: =SUM(B15:F15) | H15: =IF(G3=0,0,IF((G15/G3)>=0.95,15,IF((G15/G3)>=0.9,14,IF((G15/G3)>=0.85,13,IF((G15/G3)>=0.8,12,IF((G15/G3)>=0.75,11,IF((G15/G3)>=0.7,10,IF((G15/G3)>=0.65,9,IF((G15/G3)>=0.6,8,IF((G15/G3)>=0.55,7,IF((G15/G3)>=0.5,6,IF((G15/G3)>=0.45,5,IF((G15/G3)>=0.4,4,IF((G15/G3)>=0.33,3,IF((G15/G3)>=0.27,2,IF((G15/G3)>=0.2,1,0)))))))))))))))) | I15: =IF(H15>=13,1,IF(H15>=10,2,IF(H15>=7,3,IF(H15>=4,4,IF(H15>=1,5,6)))))
A16: =Stammdaten!A16&", "&Stammdaten!B16 | B16: 1 | C16: 1 | D16: 2 | E16: 1 | F16: 1 | G16: =SUM(B16:F16) | H16: =IF(G3=0,0,IF((G16/G3)>=0.95,15,IF((G16/G3)>=0.9,14,IF((G16/G3)>=0.85,13,IF((G16/G3)>=0.8,12,IF((G16/G3)>=0.75,11,IF((G16/G3)>=0.7,10,IF((G16/G3)>=0.65,9,IF((G16/G3)>=0.6,8,IF((G16/G3)>=0.55,7,IF((G16/G3)>=0.5,6,IF((G16/G3)>=0.45,5,IF((G16/G3)>=0.4,4,IF((G16/G3)>=0.33,3,IF((G16/G3)>=0.27,2,IF((G16/G3)>=0.2,1,0)))))))))))))))) | I16: =IF(H16>=13,1,IF(H16>=10,2,IF(H16>=7,3,IF(H16>=4,4,IF(H16>=1,5,6)))))
A17: =Stammdaten!A17&", "&Stammdaten!B17 | B17: 3 | C17: 4 | D17: 7 | E17: 3 | F17: 5 | G17: =SUM(B17:F17) | H17: =IF(G3=0,0,IF((G17/G3)>=0.95,15,IF((G17/G3)>=0.9,14,IF((G17/G3)>=0.85,13,IF((G17/G3)>=0.8,12,IF((G17/G3)>=0.75,11,IF((G17/G3)>=0.7,10,IF((G17/G3)>=0.65,9,IF((G17/G3)>=0.6,8,IF((G17/G3)>=0.55,7,IF((G17/G3)>=0.5,6,IF((G17/G3)>=0.45,5,IF((G17/G3)>=0.4,4,IF((G17/G3)>=0.33,3,IF((G17/G3)>=0.27,2,IF((G17/G3)>=0.2,1,0)))))))))))))))) | I17: =IF(H17>=13,1,IF(H17>=10,2,IF(H17>=7,3,IF(H17>=4,4,IF(H17>=1,5,6)))))

Sheet Noten_HJ1
A1: Schüler | B1: Klausur 1 | C1: Kurztest 1 | D1: Klausur 2 | E1: Ø (gewichtet) | F1: Zeugnisnote
A2: =Stammdaten!A3&", "&Stammdaten!B3 | B2: ='LN_Klausur 1'!I4 | C2: ='LN_Kurztest 1'!F4 | D2: ='LN_Klausur 2'!H4 | E2: =AVERAGE(B2:D2) | F2: =ROUND(E2,0)
A3: =Stammdaten!A4&", "&Stammdaten!B4 | B3: ='LN_Klausur 1'!I5 | C3: ='LN_Kurztest 1'!F5 | D3: ='LN_Klausur 2'!H5 | E3: =AVERAGE(B3:D3) | F3: =ROUND(E3,0)
A4: =Stammdaten!A5&", "&Stammdaten!B5 | B4: ='LN_Klausur 1'!I6 | C4: ='LN_Kurztest 1'!F6 | D4: ='LN_Klausur 2'!H6 | E4: =AVERAGE(B4:D4) | F4: =ROUND(E4,0)
A5: =Stammdaten!A6&", "&Stammdaten!B6 | B5: ='LN_Klausur 1'!I7 | C5: ='LN_Kurztest 1'!F7 | D5: ='LN_Klausur 2'!H7 | E5: =AVERAGE(B5:D5) | F5: =ROUND(E5,0)
A6: =Stammdaten!A7&", "&Stammdaten!B7 | B6: ='LN_Klausur 1'!I8 | C6: ='LN_Kurztest 1'!F8 | D6: ='LN_Klausur 2'!H8 | E6: =AVERAGE(B6:D6) | F6: =ROUND(E6,0)
A8: =Stammdaten!A9&", "&Stammdaten!B9 | B8: ='LN_Klausur 1'!I10 | C8: ='LN_Kurztest 1'!F10 | D8: ='LN_Klausur 2'!H9 | E8: =AVERAGE(B8:D8) | F8: =ROUND(E8,0)
A9: =Stammdaten!A10&", "&Stammdaten!B10 | B9: ='LN_Klausur 1'!I11 | C9: ='LN_Kurztest 1'!F11 | D9: ='LN_Klausur 2'!H10 | E9: =AVERAGE(B9:D9) | F9: =ROUND(E9,0)
A10: =Stammdaten!A11&", "&Stammdaten!B11 | B10: ='LN_Klausur 1'!I12 | C10: ='LN_Kurztest 1'!F12 | D10: ='LN_Klausur 2'!H11 | E10: =AVERAGE(B10:D10) | F10: =ROUND(E10,0)
A11: =Stammdaten!A12&", "&Stammdaten!B12 | B11: ='LN_Klausur 1'!I13 | C11: ='LN_Kurztest 1'!F13 | D11: ='LN_Klausur 2'!H12 | E11: =AVERAGE(B11:D11) | F11: =ROUND(E11,0)
A12: =Stammdaten!A13&", "&Stammdaten!B13 | B12: ='LN_Klausur 1'!I14 | C12: ='LN_Kurztest 1'!F14 | D12: ='LN_Klausur 2'!H13 | E12: =AVERAGE(B12:D12) | F12: =ROUND(E12,0)
A13: =Stammdaten!A14&", "&Stammdaten!B14 | B13: ='LN_Klausur 1'!I15 | C13: ='LN_Kurztest 1'!F15 | D13: ='LN_Klausur 2'!H14 | E13: =AVERAGE(B13:D13) | F13: =ROUND(E13,0)
A14: =Stammdaten!A15&", "&Stammdaten!B15 | B14: ='LN_Klausur 1'!I16 | C14: ='LN_Kurztest 1'!F16 | D14: ='LN_Klausur 2'!H15 | E14: =AVERAGE(B14:D14) | F14: =ROUND(E14,0)
A15: =Stammdaten!A16&", "&Stammdaten!B16 | B15: ='LN_Klausur 1'!I17 | C15: ='LN_Kurztest 1'!F17 | D15: ='LN_Klausur 2'!H16 | E15: =AVERAGE(B15:D15) | F15: =ROUND(E15,0)
A16: =Stammdaten!A17&", "&Stammdaten!B17 | B16: ='LN_Klausur 1'!I18 | C16: ='LN_Kurztest 1'!F18 | D16: ='LN_Klausur 2'!H17 | E16: =AVERAGE(B16:D16) | F16: =ROUND(E16,0)

Sheet Noten_HJ2
A1: Schüler | B1: Klausur 1 | C1: Kurztest 1 | D1: Klausur 2 | E1: Ø (gewichtet) | F1: Zeugnisnote
A2: =Stammdaten!A3&", "&Stammdaten!B3 | B2: ='LN_Klausur 1'!I4 | C2: ='LN_Kurztest 1'!F4 | D2: ='LN_Klausur 2'!H4 | E2: =AVERAGE(B2:D2) | F2: =ROUND(E2,0)
A3: =Stammdaten!A4&", "&Stammdaten!B4 | B3: ='LN_Klausur 1'!I5 | C3: ='LN_Kurztest 1'!F5 | D3: ='LN_Klausur 2'!H5 | E3: =AVERAGE(B3:D3) | F3: =ROUND(E3,0)
A4: =Stammdaten!A5&", "&Stammdaten!B5 | B4: ='LN_Klausur 1'!I6 | C4: ='LN_Kurztest 1'!F6 | D4: ='LN_Klausur 2'!H6 | E4: =AVERAGE(B4:D4) | F4: =ROUND(E4,0)
A5: =Stammdaten!A6&", "&Stammdaten!B6 | B5: ='LN_Klausur 1'!I7 | C5: ='LN_Kurztest 1'!F7 | D5: ='LN_Klausur 2'!H7 | E5: =AVERAGE(B5:D5) | F5: =ROUND(E5,0)
A6: =Stammdaten!A7&", "&Stammdaten!B7 | B6: ='LN_Klausur 1'!I8 | C6: ='LN_Kurztest 1'!F8 | D6: ='LN_Klausur 2'!H8 | E6: =AVERAGE(B6:D6) | F6: =ROUND(E6,0)
A8: =Stammdaten!A9&", "&Stammdaten!B9 | B8: ='LN_Klausur 1'!I10 | C8: ='LN_Kurztest 1'!F10 | D8: ='LN_Klausur 2'!H9 | E8: =AVERAGE(B8:D8) | F8: =ROUND(E8,0)
A9: =Stammdaten!A10&", "&Stammdaten!B10 | B9: ='LN_Klausur 1'!I11 | C9: ='LN_Kurztest 1'!F11 | D9: ='LN_Klausur 2'!H10 | E9: =AVERAGE(B9:D9) | F9: =ROUND(E9,0)
A10: =Stammdaten!A11&", "&Stammdaten!B11 | B10: ='LN_Klausur 1'!I12 | C10: ='LN_Kurztest 1'!F12 | D10: ='LN_Klausur 2'!H11 | E10: =AVERAGE(B10:D10) | F10: =ROUND(E10,0)
A11: =Stammdaten!A12&", "&Stammdaten!B12 | B11: ='LN_Klausur 1'!I13 | C11: ='LN_Kurztest 1'!F13 | D11: ='LN_Klausur 2'!H12 | E11: =AVERAGE(B11:D11) | F11: =ROUND(E11,0)
A12: =Stammdaten!A13&", "&Stammdaten!B13 | B12: ='LN_Klausur 1'!I14 | C12: ='LN_Kurztest 1'!F14 | D12: ='LN_Klausur 2'!H13 | E12: =AVERAGE(B12:D12) | F12: =ROUND(E12,0)
A13: =Stammdaten!A14&", "&Stammdaten!B14 | B13: ='LN_Klausur 1'!I15 | C13: ='LN_Kurztest 1'!F15 | D13: ='LN_Klausur 2'!H14 | E13: =AVERAGE(B13:D13) | F13: =ROUND(E13,0)
A14: =Stammdaten!A15&", "&Stammdaten!B15 | B14: ='LN_Klausur 1'!I16 | C14: ='LN_Kurztest 1'!F16 | D14: ='LN_Klausur 2'!H15 | E14: =AVERAGE(B14:D14) | F14: =ROUND(E14,0)
A15: =Stammdaten!A16&", "&Stammdaten!B16 | B15: ='LN_Klausur 1'!I17 | C15: ='LN_Kurztest 1'!F17 | D15: ='LN_Klausur 2'!H16 | E15: =AVERAGE(B15:D15) | F15: =ROUND(E15,0)
A16: =Stammdaten!A17&", "&Stammdaten!B17 | B16: ='LN_Klausur 1'!I18 | C16: ='LN_Kurztest 1'!F18 | D16: ='LN_Klausur 2'!H17 | E16: =AVERAGE(B16:D16) | F16: =ROUND(E16,0)

Sheet Noten_Jahr
A1: Schüler | B1: Klausur 1 | C1: Kurztest 1 | D1: Klausur 2 | E1: Ø (gewichtet) | F1: Zeugnisnote
A2: =Stammdaten!A3&", "&Stammdaten!B3 | B2: ='LN_Klausur 1'!I4 | C2: ='LN_Kurztest 1'!F4 | D2: ='LN_Klausur 2'!H4 | E2: =AVERAGE(B2:D2) | F2: =ROUND(E2,0)
A3: =Stammdaten!A4&", "&Stammdaten!B4 | B3: ='LN_Klausur 1'!I5 | C3: ='LN_Kurztest 1'!F5 | D3: ='LN_Klausur 2'!H5 | E3: =AVERAGE(B3:D3) | F3: =ROUND(E3,0)
A4: =Stammdaten!A5&", "&Stammdaten!B5 | B4: ='LN_Klausur 1'!I6 | C4: ='LN_Kurztest 1'!F6 | D4: ='LN_Klausur 2'!H6 | E4: =AVERAGE(B4:D4) | F4: =ROUND(E4,0)
A5: =Stammdaten!A6&", "&Stammdaten!B6 | B5: ='LN_Klausur 1'!I7 | C5: ='LN_Kurztest 1'!F7 | D5: ='LN_Klausur 2'!H7 | E5: =AVERAGE(B5:D5) | F5: =ROUND(E5,0)
A6: =Stammdaten!A7&", "&Stammdaten!B7 | B6: ='LN_Klausur 1'!I8 | C6: ='LN_Kurztest 1'!F8 | D6: ='LN_Klausur 2'!H8 | E6: =AVERAGE(B6:D6) | F6: =ROUND(E6,0)
A8: =Stammdaten!A9&", "&Stammdaten!B9 | B8: ='LN_Klausur 1'!I10 | C8: ='LN_Kurztest 1'!F10 | D8: ='LN_Klausur 2'!H9 | E8: =AVERAGE(B8:D8) | F8: =ROUND(E8,0)
A9: =Stammdaten!A10&", "&Stammdaten!B10 | B9: ='LN_Klausur 1'!I11 | C9: ='LN_Kurztest 1'!F11 | D9: ='LN_Klausur 2'!H10 | E9: =AVERAGE(B9:D9) | F9: =ROUND(E9,0)
A10: =Stammdaten!A11&", "&Stammdaten!B11 | B10: ='LN_Klausur 1'!I12 | C10: ='LN_Kurztest 1'!F12 | D10: ='LN_Klausur 2'!H11 | E10: =AVERAGE(B10:D10) | F10: =ROUND(E10,0)
A11: =Stammdaten!A12&", "&Stammdaten!B12 | B11: ='LN_Klausur 1'!I13 | C11: ='LN_Kurztest 1'!F13 | D11: ='LN_Klausur 2'!H12 | E11: =AVERAGE(B11:D11) | F11: =ROUND(E11,0)
A12: =Stammdaten!A13&", "&Stammdaten!B13 | B12: ='LN_Klausur 1'!I14 | C12: ='LN_Kurztest 1'!F14 | D12: ='LN_Klausur 2'!H13 | E12: =AVERAGE(B12:D12) | F12: =ROUND(E12,0)
A13: =Stammdaten!A14&", "&Stammdaten!B14 | B13: ='LN_Klausur 1'!I15 | C13: ='LN_Kurztest 1'!F15 | D13: ='LN_Klausur 2'!H14 | E13: =AVERAGE(B13:D13) | F13: =ROUND(E13,0)
A14: =Stammdaten!A15&", "&Stammdaten!B15 | B14: ='LN_Klausur 1'!I16 | C14: ='LN_Kurztest 1'!F16 | D14: ='LN_Klausur 2'!H15 | E14: =AVERAGE(B14:D14) | F14: =ROUND(E14,0)
A15: =Stammdaten!A16&", "&Stammdaten!B16 | B15: ='LN_Klausur 1'!I17 | C15: ='LN_Kurztest 1'!F17 | D15: ='LN_Klausur 2'!H16 | E15: =AVERAGE(B15:D15) | F15: =ROUND(E15,0)
A16: =Stammdaten!A17&", "&Stammdaten!B17 | B16: ='LN_Klausur 1'!I18 | C16: ='LN_Kurztest 1'!F18 | D16: ='LN_Klausur 2'!H17 | E16: =AVERAGE(B16:D16) | F16: =ROUND(E16,0)

Sheet Notentabelle
A1: Untergrenze (%) | B1: Note (0-15)
A2: 0.95 | B2: 15
A3: 0.9 | B3: 14
A4: 0.85 | B4: 13
A5: 0.8 | B5: 12
A6: 0.75 | B6: 11
A7: 0.7 | B7: 10
A8: 0.65 | B8: 9
A9: 0.6 | B9: 8
A10: 0.55 | B10: 7
A11: 0.5 | B11: 6
A12: 0.45 | B12: 5
A13: 0.4 | B13: 4
... A17: 0 | B17: 0
